{
	"name": "dice-so-nice-naruto5e-pack",
	"title": "Dice So Nice! Naruto5e pack",
	"description": "A pack of dices with Clans from Naruto5e system, for Dice So Nice!",
	"version": "1.0.0",
	"minimumCoreVersion" : "0.8.9",
	"compatibleCoreVersion" : "0.8.9",
	"author": "Yaco / Yaco#0001",
	"esmodules": [
		"./theme-pack.js"
	],
	"styles": [
		"./css/style.css"
	],
	"url": "https://github.com/yacon5e/dice-so-nice-naruto5e-pack",
	"manifest": "https://raw.githubusercontent.com/yacon5e/dice-so-nice-naruto5e-pack/main/module.json",
	"download": "https://github.com/yacon5e/dice-so-nice-naruto5e-pack/raw/main/dice-so-nice-naruto5e-pack.zip"
}